"Player","Year","Contest","Apps","Goal Difference","Home Advantage"
"Anatoliy Tymoshchuk",2016,"EUC-Q",3,2,-1
"Anatoliy Tymoshchuk",2016,"EUC-Q",1,1,1
"Anatoliy Tymoshchuk",2016,"Friendlies",1,1,1
"Anatoliy Tymoshchuk",2015,"Friendlies",1,1,-1
"Anatoliy Tymoshchuk",2015,"Friendlies",1,0,1
"Anatoliy Tymoshchuk",2014,"Friendlies",2,1,1
"Anatoliy Tymoshchuk",2014,"Friendlies",1,2,
"Anatoliy Tymoshchuk",2014,"WOC-Q",4,10,-1
"Anatoliy Tymoshchuk",2014,"WOC-Q",3,9,1
"Anatoliy Tymoshchuk",2013,"Friendlies",1,2,1
"Anatoliy Tymoshchuk",2013,"Friendlies",1,-2,
"Anatoliy Tymoshchuk",2012,"Friendlies",1,0,-1
"Anatoliy Tymoshchuk",2012,"Friendlies",1,0,1
"Anatoliy Tymoshchuk",2012,"Friendlies",1,4,
"Anatoliy Tymoshchuk",2011,"Friendlies",2,-2,-1
"Anatoliy Tymoshchuk",2011,"Friendlies",8,-1,1
"Anatoliy Tymoshchuk",2011,"Friendlies",2,0,
"Anatoliy Tymoshchuk",2010,"Friendlies",2,1,-1
"Anatoliy Tymoshchuk",2010,"Friendlies",5,6,1
"Anatoliy Tymoshchuk",2010,"Friendlies",2,-2,
"Anatoliy Tymoshchuk",2010,"WOC-Q",5,1,-1
"Anatoliy Tymoshchuk",2010,"WOC-Q",6,7,1
"Anatoliy Tymoshchuk",2009,"Friendlies",1,-3,1
"Anatoliy Tymoshchuk",2009,"Friendlies",2,2,
"Anatoliy Tymoshchuk",2008,"EUC-Q",6,-2,-1
"Anatoliy Tymoshchuk",2008,"EUC-Q",6,8,1
"Anatoliy Tymoshchuk",2008,"Friendlies",1,-3,-1
"Anatoliy Tymoshchuk",2008,"Friendlies",2,3,1
"Anatoliy Tymoshchuk",2008,"Friendlies",1,0,
"Anatoliy Tymoshchuk",2007,"Friendlies",1,0,
"Anatoliy Tymoshchuk",2006,"Friendlies",2,10,1
"Anatoliy Tymoshchuk",2006,"Friendlies",2,3,
"Anatoliy Tymoshchuk",2006,"WOC-Q",5,4,-1
"Anatoliy Tymoshchuk",2006,"WOC-Q",6,4,1
"Anatoliy Tymoshchuk",2005,"Friendlies",3,2,1
"Anatoliy Tymoshchuk",2004,"EUC-Q",3,-1,-1
"Anatoliy Tymoshchuk",2004,"EUC-Q",4,2,1
"Anatoliy Tymoshchuk",2004,"Friendlies",4,-5,-1
"Anatoliy Tymoshchuk",2004,"Friendlies",1,0,1
"Anatoliy Tymoshchuk",2003,"Friendlies",2,-1,-1
"Anatoliy Tymoshchuk",2003,"Friendlies",3,-1,1
"Anatoliy Tymoshchuk",2002,"Friendlies",3,-4,-1
"Anatoliy Tymoshchuk",2002,"Friendlies",2,0,1
"Anatoliy Tymoshchuk",2002,"WOC-Q",5,0,-1
"Anatoliy Tymoshchuk",2002,"WOC-Q",4,-2,1
"Anatoliy Tymoshchuk",2001,"Friendlies",3,-1,
"Anatoliy Tymoshchuk",2001,"Friendlies",1,-1,
"Anatoliy Tymoshchuk",2000,"Friendlies",3,-3,-1
"Anders Svensson",2014,"WOC-Q",4,0,-1
"Anders Svensson",2014,"WOC-Q",4,1,1
"Anders Svensson",2013,"Friendlies",1,0,-1
"Anders Svensson",2013,"Friendlies",3,0,1
"Anders Svensson",2012,"EUC-Q",5,5,-1
"Anders Svensson",2012,"EUC-Q",3,7,1
"Anders Svensson",2012,"Friendlies",2,4,-1
"Anders Svensson",2012,"Friendlies",4,2,1
"Anders Svensson",2011,"Friendlies",4,-1,-1
"Anders Svensson",2011,"Friendlies",1,0,
"Anders Svensson",2010,"Friendlies",3,2,-1
"Anders Svensson",2010,"Friendlies",3,5,1
"Anders Svensson",2010,"WOC-Q",4,1,-1
"Anders Svensson",2010,"WOC-Q",2,7,1
"Anders Svensson",2009,"Friendlies",2,-3,-1
"Anders Svensson",2009,"Friendlies",1,1,1
"Anders Svensson",2008,"EUC-Q",5,3,-1
"Anders Svensson",2008,"EUC-Q",6,10,1
"Anders Svensson",2008,"Friendlies",3,-1,-1
"Anders Svensson",2008,"Friendlies",4,0,1
"Anders Svensson",2007,"Friendlies",5,-3,-1
"Anders Svensson",2006,"Friendlies",4,-6,-1
"Anders Svensson",2006,"Friendlies",1,0,1
"Anders Svensson",2006,"WOC-Q",4,12,-1
"Anders Svensson",2006,"WOC-Q",4,10,1
"Anders Svensson",2005,"Friendlies",2,0,-1
"Anders Svensson",2005,"Friendlies",1,-1,1
"Anders Svensson",2004,"EUC-Q",3,9,-1
"Anders Svensson",2004,"EUC-Q",4,8,1
"Anders Svensson",2004,"Friendlies",1,2,-1
"Anders Svensson",2004,"Friendlies",3,3,1
"Anders Svensson",2003,"Friendlies",1,-1,-1
"Anders Svensson",2003,"Friendlies",3,-1,1
"Anders Svensson",2002,"Friendlies",3,0,-1
"Anders Svensson",2002,"Friendlies",2,-1,1
"Anders Svensson",2002,"WOC-Q",5,5,-1
"Anders Svensson",2002,"WOC-Q",5,12,1
"Anders Svensson",2001,"Friendlies",4,8,-1
"Anders Svensson",2001,"Friendlies",1,3,1
"Anders Svensson",2001,"Friendlies",3,3,
"Anders Svensson",2000,"Friendlies",1,-1,-1
"Anders Svensson",2000,"Friendlies",1,0,
"Anders Svensson",1999,"Friendlies",1,-1,-1
"Andrea Pirlo",2016,"EUC-Q",1,0,-1
"Andrea Pirlo",2016,"EUC-Q",2,2,1
"Andrea Pirlo",2015,"Friendlies",1,-1,
"Andrea Pirlo",2014,"Friendlies",1,-1,-1
"Andrea Pirlo",2014,"Friendlies",1,0,1
"Andrea Pirlo",2014,"WOC-Q",4,4,-1
"Andrea Pirlo",2014,"WOC-Q",5,6,1
"Andrea Pirlo",2013,"Friendlies",1,0,-1
"Andrea Pirlo",2013,"Friendlies",2,4,1
"Andrea Pirlo",2013,"Friendlies",2,0,
"Andrea Pirlo",2012,"EUC-Q",4,2,-1
"Andrea Pirlo",2012,"EUC-Q",5,15,1
"Andrea Pirlo",2012,"Friendlies",2,-2,1
"Andrea Pirlo",2012,"Friendlies",1,-3,
"Andrea Pirlo",2011,"Friendlies",1,2,-1
"Andrea Pirlo",2011,"Friendlies",2,0,1
"Andrea Pirlo",2011,"Friendlies",1,-2,
"Andrea Pirlo",2010,"Friendlies",1,0,1
"Andrea Pirlo",2010,"Friendlies",2,-1,
"Andrea Pirlo",2010,"WOC-Q",4,5,-1
"Andrea Pirlo",2010,"WOC-Q",3,4,1
"Andrea Pirlo",2009,"Friendlies",1,-1,-1
"Andrea Pirlo",2009,"Friendlies",1,2,1
"Andrea Pirlo",2009,"Friendlies",2,2,
"Andrea Pirlo",2008,"EUC-Q",6,5,-1
"Andrea Pirlo",2008,"EUC-Q",5,6,1
"Andrea Pirlo",2008,"Friendlies",1,-1,-1
"Andrea Pirlo",2008,"Friendlies",1,2,1
"Andrea Pirlo",2008,"Friendlies",2,2,
"Andrea Pirlo",2007,"Friendlies",1,-2,-1
"Andrea Pirlo",2006,"Friendlies",1,0,-1
"Andrea Pirlo",2006,"Friendlies",1,3,1
"Andrea Pirlo",2006,"Friendlies",1,0,
"Andrea Pirlo",2006,"WOC-Q",4,4,-1
"Andrea Pirlo",2006,"WOC-Q",2,3,1
"Andrea Pirlo",2005,"Friendlies",2,3,-1
"Andrea Pirlo",2005,"Friendlies",1,2,1
"Andrea Pirlo",2005,"Friendlies",1,0,
"Andrea Pirlo",2004,"Friendlies",1,4,-1
"Andrea Pirlo",2004,"Friendlies",1,0,
"Andres Iniesta",2016,"EUC-Q",5,7,-1
"Andres Iniesta",2016,"EUC-Q",2,3,1
"Andres Iniesta",2015,"Friendlies",1,-2,-1
"Andres Iniesta",2015,"Friendlies",1,2,1
"Andres Iniesta",2014,"Friendlies",2,3,1
"Andres Iniesta",2014,"Friendlies",1,2,
"Andres Iniesta",2014,"WOC-Q",4,8,-1
"Andres Iniesta",2014,"WOC-Q",4,3,1
"Andres Iniesta",2013,"Friendlies",3,2,-1
"Andres Iniesta",2013,"Friendlies",4,5,
"Andres Iniesta",2012,"EUC-Q",2,7,-1
"Andres Iniesta",2012,"EUC-Q",2,3,1
"Andres Iniesta",2012,"Friendlies",3,5,-1
"Andres Iniesta",2012,"Friendlies",2,11,1
"Andres Iniesta",2011,"Friendlies",5,5,-1
"Andres Iniesta",2011,"Friendlies",2,2,1
"Andres Iniesta",2010,"Friendlies",3,-5,-1
"Andres Iniesta",2010,"Friendlies",3,8,
"Andres Iniesta",2010,"WOC-Q",4,8,-1
"Andres Iniesta",2010,"WOC-Q",2,5,1
"Andres Iniesta",2009,"Friendlies",1,4,-1
"Andres Iniesta",2009,"Friendlies",2,3,1
"Andres Iniesta",2008,"EUC-Q",6,3,-1
"Andres Iniesta",2008,"EUC-Q",6,12,1
"Andres Iniesta",2008,"Friendlies",3,3,1
"Andres Iniesta",2007,"Friendlies",3,2,-1
"Andres Iniesta",2006,"Friendlies",2,1,-1
"Andres Iniesta",2006,"Friendlies",3,3,1
"Andrey Arshavin",2012,"EUC-Q",5,8,1
"Andrey Arshavin",2012,"EUC-Q",5,5,-1
"Andrey Arshavin",2012,"Friendlies",2,0,1
"Andrey Arshavin",2012,"Friendlies",2,3,
"Andrey Arshavin",2012,"Friendlies",1,2,-1
"Andrey Arshavin",2011,"Friendlies",1,1,1
"Andrey Arshavin",2011,"Friendlies",1,-1,-1
"Andrey Arshavin",2010,"Friendlies",2,-1,1
"Andrey Arshavin",2010,"Friendlies",1,0,-1
"Andrey Arshavin",2010,"WOC-Q",5,6,1
"Andrey Arshavin",2010,"WOC-Q",6,4,-1
"Andrey Arshavin",2009,"Friendlies",1,-1,1
"Andrey Arshavin",2009,"Friendlies",1,0,-1
"Andrey Arshavin",2008,"EUC-Q",6,10,1
"Andrey Arshavin",2008,"EUC-Q",6,2,-1
"Andrey Arshavin",2008,"Friendlies",1,0,1
"Andrey Arshavin",2008,"Friendlies",1,3,
"Andrey Arshavin",2007,"Friendlies",1,0,1
"Andrey Arshavin",2007,"Friendlies",1,-3,-1
"Andrey Arshavin",2006,"Friendlies",2,0,1
"Andrey Arshavin",2006,"Friendlies",1,0,-1
"Andrey Arshavin",2006,"WOC-Q",4,8,1
"Andrey Arshavin",2006,"WOC-Q",6,-3,-1
"Andrey Arshavin",2005,"Friendlies",1,0,-1
"Andrey Arshavin",2004,"Friendlies",1,1,1
"Andrey Arshavin",2004,"Friendlies",1,-1,-1
"Andrey Arshavin",2002,"Friendlies",2,0,1
"Arjen Robben",2016,"EUC-Q",2,1,1
"Arjen Robben",2014,"WOC-Q",2,6,1
"Arjen Robben",2013,"Friendlies",2,3,-1
"Arjen Robben",2012,"Friendlies",3,5,1
"Arjen Robben",2012,"Friendlies",2,0,-1
"Arjen Robben",2011,"Friendlies",1,0,-1
"Arjen Robben",2010,"Friendlies",2,6,1
"Arjen Robben",2010,"WOC-Q",3,9,1
"Arjen Robben",2010,"WOC-Q",3,3,-1
"Arjen Robben",2009,"Friendlies",2,3,1
"Arjen Robben",2009,"Friendlies",1,0,-1
"Arjen Robben",2008,"Friendlies",2,2,1
"Arjen Robben",2008,"Friendlies",1,0,-1
"Arjen Robben",2007,"EUC-Q",3,3,1
"Arjen Robben",2007,"EUC-Q",3,0,-1
"Arjen Robben",2006,"Friendlies",4,2,1
"Arjen Robben",2006,"Friendlies",1,4,-1
"Arjen Robben",2006,"WOC-Q",2,6,1
"Arjen Robben",2006,"WOC-Q",1,3,
"Arjen Robben",2006,"WOC-Q",3,8,-1
"Arjen Robben",2005,"Friendlies",2,0,1
"Arjen Robben",2004,"EUC-Q",2,7,1
"Arjen Robben",2004,"Friendlies",2,0,1
"Arjen Robben",2004,"Friendlies",1,3,
"Artur Sobiech",2015,"Friendlies",1,2,-1
"Artur Sobiech",2014,"WOC-Q",1,2,1
"Artur Sobiech",2014,"WOC-Q",1,0,-1
"Bastian Schweinsteiger",2016,"EUC-Q",3,9,-1
"Bastian Schweinsteiger",2016,"EUC-Q",1,2,1
"Bastian Schweinsteiger",2015,"Friendlies",1,0,1
"Bastian Schweinsteiger",2015,"Friendlies",1,-2,1
"Bastian Schweinsteiger",2014,"Friendlies",2,6,1
"Bastian Schweinsteiger",2014,"Friendlies",3,0,1
"Bastian Schweinsteiger",2014,"WOC-Q",3,10,-1
"Bastian Schweinsteiger",2014,"WOC-Q",2,3,1
"Bastian Schweinsteiger",2012,"EUC-Q",2,3,-1
"Bastian Schweinsteiger",2012,"EUC-Q",3,13,1
"Bastian Schweinsteiger",2011,"Friendlies",3,0,1
"Bastian Schweinsteiger",2010,"Friendlies",1,0,-1
"Bastian Schweinsteiger",2010,"Friendlies",2,2,1
"Bastian Schweinsteiger",2010,"WOC-Q",5,11,-1
"Bastian Schweinsteiger",2010,"WOC-Q",4,10,1
"Bastian Schweinsteiger",2009,"Friendlies",2,5,-1
"Bastian Schweinsteiger",2009,"Friendlies",4,0,1
"Bastian Schweinsteiger",2008,"EUC-Q",6,19,-1
"Bastian Schweinsteiger",2008,"EUC-Q",2,-2,1
"Bastian Schweinsteiger",2008,"Friendlies",2,7,-1
"Bastian Schweinsteiger",2008,"Friendlies",3,3,1
"Bastian Schweinsteiger",2007,"Friendlies",3,6,1
"Bastian Schweinsteiger",2006,"Friendlies",1,-3,-1
"Bastian Schweinsteiger",2006,"Friendlies",6,18,1
"Bastian Schweinsteiger",2005,"Friendlies",5,1,-1
"Bastian Schweinsteiger",2005,"Friendlies",4,3,1
"Bastian Schweinsteiger",2004,"Friendlies",5,9,-1
"Bastian Schweinsteiger",2004,"Friendlies",2,1,1
"Christian Poulsen",2012,"EUC-Q",4,4,-1
"Christian Poulsen",2012,"EUC-Q",3,4,1
"Christian Poulsen",2012,"Friendlies",1,-2,-1
"Christian Poulsen",2012,"Friendlies",1,-2,1
"Christian Poulsen",2011,"Friendlies",1,-1,-1
"Christian Poulsen",2011,"Friendlies",3,2,1
"Christian Poulsen",2010,"Friendlies",2,-2,-1
"Christian Poulsen",2010,"Friendlies",2,2,1
"Christian Poulsen",2010,"WOC-Q",5,5,-1
"Christian Poulsen",2010,"WOC-Q",5,6,1
"Christian Poulsen",2009,"Friendlies",1,0,-1
"Christian Poulsen",2009,"Friendlies",3,1,1
"Christian Poulsen",2008,"EUC-Q",5,5,-1
"Christian Poulsen",2008,"EUC-Q",5,6,1
"Christian Poulsen",2008,"Friendlies",3,1,-1
"Christian Poulsen",2008,"Friendlies",2,-3,1
"Christian Poulsen",2007,"Friendlies",4,0,-1
"Christian Poulsen",2006,"Friendlies",2,0,-1
"Christian Poulsen",2006,"Friendlies",2,2,1
"Christian Poulsen",2006,"WOC-Q",6,1,-1
"Christian Poulsen",2006,"WOC-Q",5,9,1
"Christian Poulsen",2005,"Friendlies",1,1,-1
"Christian Poulsen",2005,"Friendlies",1,3,1
"Christian Poulsen",2004,"EUC-Q",3,3,-1
"Christian Poulsen",2004,"EUC-Q",2,2,1
"Christian Poulsen",2004,"Friendlies",2,4,-1
"Christian Poulsen",2004,"Friendlies",1,-1,1
"Christian Poulsen",2003,"Friendlies",1,3,-1
"Christian Poulsen",2003,"Friendlies",1,0,1
"Christian Poulsen",2002,"Friendlies",2,-2,-1
"Christian Poulsen",2002,"Friendlies",3,5,1
"Christian Poulsen",2001,"Friendlies",1,0,1
"Christian Wilhelmsson",2014,"WOC-Q",2,2,-1
"Christian Wilhelmsson",2012,"EUC-Q",1,5,1
"Christian Wilhelmsson",2012,"EUC-Q",3,5,-1
"Christian Wilhelmsson",2012,"Friendlies",3,-1,1
"Christian Wilhelmsson",2011,"Friendlies",1,0,
"Christian Wilhelmsson",2011,"Friendlies",3,-2,-1
"Christian Wilhelmsson",2010,"Friendlies",3,5,1
"Christian Wilhelmsson",2010,"Friendlies",2,2,-1
"Christian Wilhelmsson",2010,"WOC-Q",1,-1,1
"Christian Wilhelmsson",2010,"WOC-Q",1,0,-1
"Christian Wilhelmsson",2009,"Friendlies",1,1,1
"Christian Wilhelmsson",2009,"Friendlies",1,2,-1
"Christian Wilhelmsson",2008,"EUC-Q",5,8,1
"Christian Wilhelmsson",2008,"EUC-Q",5,4,-1
"Christian Wilhelmsson",2008,"Friendlies",3,-3,1
"Christian Wilhelmsson",2008,"Friendlies",2,-1,-1
"Christian Wilhelmsson",2007,"Friendlies",1,1,1
"Christian Wilhelmsson",2007,"Friendlies",1,-2,-1
"Christian Wilhelmsson",2006,"Friendlies",1,-1,
"Christian Wilhelmsson",2006,"Friendlies",2,0,1
"Christian Wilhelmsson",2006,"Friendlies",2,-6,-1
"Christian Wilhelmsson",2006,"WOC-Q",5,13,1
"Christian Wilhelmsson",2006,"WOC-Q",5,13,1
"Christian Wilhelmsson",2005,"Friendlies",1,1,1
"Christian Wilhelmsson",2005,"Friendlies",1,0,-1
"Christian Wilhelmsson",2004,"Friendlies",3,3,1
"Christian Wilhelmsson",2004,"Friendlies",3,5,-1
"Christian Wilhelmsson",2003,"Friendlies",3,3,
"Custodio Castro",2014,"WOC-Q",1,2,-1
"Custodio Castro",2014,"WOC-Q",1,1,1
"Custodio Castro",2013,"Friendlies",1,-1,1
"Custodio Castro",2013,"Friendlies",1,1,
"Custodio Castro",2012,"Friendlies",1,0,-1
"Daniele De Rossi",2016,"EUC-Q",1,2,-1
"Daniele De Rossi",2016,"EUC-Q",2,1,1
"Daniele De Rossi",2014,"Friendlies",2,2,1
"Daniele De Rossi",2014,"Friendlies",1,0,
"Daniele De Rossi",2014,"WOC-Q",3,2,-1
"Daniele De Rossi",2014,"WOC-Q",3,4,1
"Daniele De Rossi",2013,"Friendlies",1,0,-1
"Daniele De Rossi",2013,"Friendlies",2,-1,1
"Daniele De Rossi",2013,"Friendlies",1,0,
"Daniele De Rossi",2012,"EUC-Q",2,4,-1
"Daniele De Rossi",2012,"EUC-Q",3,9,1
"Daniele De Rossi",2012,"Friendlies",1,-1,1
"Daniele De Rossi",2012,"Friendlies",2,-4,
"Daniele De Rossi",2011,"Friendlies",2,2,-1
"Daniele De Rossi",2011,"Friendlies",2,0,1
"Daniele De Rossi",2010,"Friendlies",1,0,-1
"Daniele De Rossi",2010,"Friendlies",1,0,1
"Daniele De Rossi",2010,"Friendlies",3,-2,
"Daniele De Rossi",2010,"WOC-Q",4,3,-1
"Daniele De Rossi",2010,"WOC-Q",5,6,1
"Daniele De Rossi",2009,"Friendlies",1,-2,
"Daniele De Rossi",2008,"EUC-Q",5,3,-1
"Daniele De Rossi",2008,"EUC-Q",5,6,1
"Daniele De Rossi",2008,"Friendlies",2,-1,-1
"Daniele De Rossi",2008,"Friendlies",1,2,1
"Daniele De Rossi",2008,"Friendlies",1,0,
"Daniele De Rossi",2007,"Friendlies",1,2,1
"Daniele De Rossi",2006,"Friendlies",1,0,-1
"Daniele De Rossi",2006,"Friendlies",2,3,1
"Daniele De Rossi",2006,"Friendlies",1,0,
"Daniele De Rossi",2006,"WOC-Q",3,0,-1
"Daniele De Rossi",2006,"WOC-Q",5,6,1
"Daniele De Rossi",2005,"Friendlies",2,3,-1
"Daniele De Rossi",2005,"Friendlies",2,2,1
"Daniele De Rossi",2005,"Friendlies",1,0,
"Daniele De Rossi",2004,"Friendlies",1,1,1
"David Lafata",2016,"Friendlies",1,6,
"David Lafata",2014,"WOC-Q",1,0,1
"David Lafata",2014,"WOC-Q",1,3,-1
"Dennis Rommedahl",2014,"WOC-Q",2,0,1
"Dennis Rommedahl",2014,"WOC-Q",2,1,-1
"Dennis Rommedahl",2013,"Friendlies",1,1,1
"Dennis Rommedahl",2013,"Friendlies",1,4,
"Dennis Rommedahl",2013,"Friendlies",1,-3,-1
"Dimitris Salpingidis",2016,"EUC-Q",2,-3,1
"Dimitris Salpingidis",2014,"Friendlies",1,-2,1
"Dimitris Salpingidis",2014,"Friendlies",1,0,-1
"Dimitris Salpingidis",2014,"WOC-Q",2,3,1
"Dimitris Salpingidis",2014,"WOC-Q",1,1,-1
"Dirk Kuyt",2014,"WOC-Q",1,3,1
"Dirk Kuyt",2014,"WOC-Q",1,2,-1
"Dirk Kuyt",2013,"Friendlies",1,2,-1
"Dirk Kuyt",2012,"Friendlies",1,6,1
"Florent Malouda",2012,"EUC-Q",5,6,1
"Florent Malouda",2012,"EUC-Q",4,5,-1
"Florent Malouda",2012,"Friendlies",3,7,1
"Florent Malouda",2012,"Friendlies",1,-1,-1
"Florent Malouda",2011,"Friendlies",4,1,1
"Florent Malouda",2011,"Friendlies",2,4,-1
"Florent Malouda",2010,"Friendlies",3,-2,1
"Florent Malouda",2010,"Friendlies",2,1,-1
"Florent Malouda",2010,"WOC-Q",3,7,1
"Florent Malouda",2010,"WOC-Q",3,2,-1
"Florent Malouda",2009,"Friendlies",1,1,1
"Florent Malouda",2008,"Friendlies",5,6,1
"Florent Malouda",2008,"Friendlies",2,0,-1
"Florent Malouda",2007,"Friendlies",2,0,1
"Florent Malouda",2007,"Friendlies",1,1,-1
"Florent Malouda",2006,"Friendlies",5,5,1
"Florent Malouda",2006,"Friendlies",1,1,-1
"Florent Malouda",2005,"Friendlies",4,5,1
"Florent Malouda",2004,"Friendlies",1,0,1
"Francesc Fabregas",2016,"EUC-Q",3,1,-1
"Francesc Fabregas",2016,"Friendlies",2,0,-1
"Francesc Fabregas",2015,"Friendlies",1,2,-1
"Francesc Fabregas",2015,"Friendlies",2,3,1
"Francesc Fabregas",2014,"Friendlies",1,-1,-1
"Francesc Fabregas",2014,"Friendlies",2,3,1
"Francesc Fabregas",2014,"Friendlies",1,2,
"Francesc Fabregas",2014,"WOC-Q",4,8,-1
"Francesc Fabregas",2014,"WOC-Q",3,1,1
"Francesc Fabregas",2013,"Friendlies",4,5,
"Francesc Fabregas",2012,"EUC-Q",1,-4,-1
"Francesc Fabregas",2012,"EUC-Q",3,1,1
"Francesc Fabregas",2012,"EUC-Q",1,6,1
"Francesc Fabregas",2012,"Friendlies",2,5,-1
"Francesc Fabregas",2012,"Friendlies",2,10,1
"Francesc Fabregas",2011,"Friendlies",2,-1,-1
"Francesc Fabregas",2011,"Friendlies",1,1,
"Francesc Fabregas",2010,"Friendlies",4,-5,-1
"Francesc Fabregas",2010,"Friendlies",1,1,1
"Francesc Fabregas",2010,"Friendlies",1,1,
"Francesc Fabregas",2010,"WOC-Q",3,5,-1
"Francesc Fabregas",2010,"WOC-Q",4,10,1
"Francesc Fabregas",2009,"Friendlies",3,11,-1
"Francesc Fabregas",2009,"Friendlies",1,1,1
"Francesc Fabregas",2008,"EUC-Q",4,1,-1
"Francesc Fabregas",2008,"EUC-Q",4,10,1
"Francesc Fabregas",2008,"Friendlies",5,7,1
"Francesc Fabregas",2007,"Friendlies",3,-2,-1
"Francesc Fabregas",2006,"Friendlies",1,0,-1
"Francesc Fabregas",2006,"Friendlies",5,3,1
"Francesc Fabregas",2006,"Friendlies",1,1,
"Francesc Fabregas",2005,"Friendlies",3,10,1
"Franck Ribery",2014,"WOC-Q",1,2,1
"Franck Ribery",2014,"WOC-Q",4,1,-1
"Franck Ribery",2013,"Friendlies",1,6,1
"Franck Ribery",2013,"Friendlies",1,0,-1
"Franck Ribery",2012,"Friendlies",4,7,1
"Franck Ribery",2012,"Friendlies",2,2,-1
"Franck Ribery",2011,"Friendlies",3,1,1
"Franck Ribery",2011,"Friendlies",1,3,-1
"Franck Ribery",2010,"Friendlies",2,-2,1
"Franck Ribery",2010,"Friendlies",1,0,-1
"Franck Ribery",2009,"Friendlies",3,-2,1
"Franck Ribery",2008,"EUC-Q",6,11,1
"Franck Ribery",2008,"EUC-Q",5,8,-1
"Franck Ribery",2008,"Friendlies",5,4,1
"Franck Ribery",2007,"Friendlies",1,-1,1
"Franck Ribery",2007,"Friendlies",1,1,-1
"Franck Ribery",2006,"Friendlies",3,5,1
"Georgios Samaras",2016,"EUC-Q",2,-3,1
"Georgios Samaras",2016,"EUC-Q",1,0,-1
"Georgios Samaras",2014,"Friendlies",1,0,
"Georgios Samaras",2014,"Friendlies",1,0,-1
"Georgios Samaras",2014,"WOC-Q",1,1,1
"Georgios Samaras",2014,"WOC-Q",1,2,-1
"Giorgos Karagounis",2014,"Friendlies",1,0,-1
"Giorgos Karagounis",2014,"Friendlies",3,-1,1
"Giorgos Karagounis",2014,"WOC-Q",5,1,-1
"Giorgos Karagounis",2014,"WOC-Q",5,6,1
"Giorgos Karagounis",2013,"Friendlies",1,0,1
"Giorgos Karagounis",2012,"EUC-Q",5,3,-1
"Giorgos Karagounis",2012,"EUC-Q",5,6,1
"Giorgos Karagounis",2012,"Friendlies",3,1,1
"Giorgos Karagounis",2011,"Friendlies",1,0,-1
"Giorgos Karagounis",2011,"Friendlies",1,0,1
"Giorgos Karagounis",2011,"Friendlies",2,-2,
"Giorgos Karagounis",2010,"Friendlies",2,2,-1
"Giorgos Karagounis",2010,"Friendlies",1,-2,1
"Giorgos Karagounis",2010,"Friendlies",2,-2,
"Giorgos Karagounis",2010,"WOC-Q",5,6,-1
"Giorgos Karagounis",2010,"WOC-Q",5,4,1
"Giorgos Karagounis",2009,"Friendlies",1,-2,-1
"Giorgos Karagounis",2009,"Friendlies",1,0,1
"Giorgos Karagounis",2008,"EUC-Q",6,8,-1
"Giorgos Karagounis",2008,"EUC-Q",6,7,1
"Giorgos Karagounis",2008,"Friendlies",1,2,-1
"Giorgos Karagounis",2008,"Friendlies",4,3,1
"Giorgos Karagounis",2008,"Friendlies",1,1,
"Giorgos Karagounis",2007,"Friendlies",1,-1,-1
"Giorgos Karagounis",2007,"Friendlies",1,-1,
"Giorgos Karagounis",2006,"Friendlies",4,-6,-1
"Giorgos Karagounis",2006,"Friendlies",1,1,1
"Giorgos Karagounis",2006,"Friendlies",1,2,
"Giorgos Karagounis",2006,"WOC-Q",6,1,-1
"Giorgos Karagounis",2006,"WOC-Q",4,5,1
"Giorgos Karagounis",2005,"Friendlies",1,-2,-1
"Giorgos Karagounis",2004,"EUC-Q",4,2,-1
"Giorgos Karagounis",2004,"EUC-Q",2,-1,1
"Giorgos Karagounis",2004,"Friendlies",2,-1,-1
"Giorgos Karagounis",2004,"Friendlies",1,-4,-1
"Giorgos Karagounis",2003,"Friendlies",5,2,-1
"Giorgos Karagounis",2002,"Friendlies",3,1,1
"Giorgos Karagounis",2002,"WOC-Q",3,2,-1
"Giorgos Karagounis",2002,"WOC-Q",4,-2,1
"Giorgos Karagounis",2001,"Friendlies",2,0,-1
"Giorgos Karagounis",2001,"Friendlies",1,-1,1
"Giorgos Karagounis",2000,"Friendlies",1,0,-1
"Giorgos Karagounis",2000,"Friendlies",3,1,1
"Hugo Viana",2012,"Friendlies",1,0,-1
"Hugo Viana",2012,"Friendlies",2,2,1
"Hugo Viana",2008,"EUC-Q",1,4,1
"Hugo Viana",2007,"Friendlies",1,0,-1
"Hugo Viana",2007,"Friendlies",1,2,
"Hugo Viana",2006,"Friendlies",1,3,-1
"Hugo Viana",2006,"Friendlies",1,3,1
"Hugo Viana",2006,"Friendlies",1,3,
"Hugo Viana",2006,"WOC-Q",1,1,-1
"Hugo Viana",2006,"WOC-Q",2,3,1
"Hugo Viana",2005,"Friendlies",1,-1,-1
"Hugo Viana",2005,"Friendlies",2,5,1
"Hugo Viana",2004,"Friendlies",2,0,1
"Hugo Viana",2003,"Friendlies",1,0,-1
"Hugo Viana",2003,"Friendlies",3,6,1
"Hugo Viana",2002,"Friendlies",2,1,-1
"Hugo Viana",2002,"Friendlies",2,-3,1
"Hugo Viana",2001,"Friendlies",1,4,1
"Igor Semshov",2012,"EUC-Q",2,3,-1
"Igor Semshov",2012,"EUC-Q",5,8,1
"Igor Semshov",2012,"Friendlies",1,0,
"Igor Semshov",2011,"Friendlies",2,-1,-1
"Igor Semshov",2011,"Friendlies",2,1,1
"Igor Semshov",2010,"Friendlies",1,0,-1
"Igor Semshov",2010,"Friendlies",2,-1,1
"Igor Semshov",2010,"WOC-Q",3,6,-1
"Igor Semshov",2010,"WOC-Q",5,8,1
"Igor Semshov",2009,"Friendlies",1,-1,1
"Igor Semshov",2008,"EUC-Q",2,-2,-1
"Igor Semshov",2008,"EUC-Q",5,7,1
"Igor Semshov",2008,"Friendlies",2,0,-1
"Igor Semshov",2008,"Friendlies",2,7,1
"Igor Semshov",2007,"Friendlies",1,-3,-1
"Igor Semshov",2007,"Friendlies",1,0,1
"Igor Semshov",2006,"Friendlies",1,1,1
"Igor Semshov",2006,"WOC-Q",2,0,-1
"Igor Semshov",2006,"WOC-Q",3,10,1
"Igor Semshov",2004,"Friendlies",1,0,
"Igor Semshov",2002,"Friendlies",3,0,1
"Jakub Blaszczykowski",2016,"EUC-Q",3,12,1
"Jakub Blaszczykowski",2016,"EUC-Q",1,-2,-1
"Jakub Blaszczykowski",2016,"Friendlies",2,6,1
"Jakub Blaszczykowski",2015,"Friendlies",2,2,1
"Jakub Blaszczykowski",2014,"WOC-Q",3,0,1
"Jakub Blaszczykowski",2014,"WOC-Q",5,1,-1
"Jakub Blaszczykowski",2013,"Friendlies",2,-1,1
"Jakub Blaszczykowski",2013,"Friendlies",1,-2,-1
"Jakub Blaszczykowski",2012,"Friendlies",4,3,1
"Jakub Blaszczykowski",2012,"Friendlies",1,-1,-1
"Jakub Blaszczykowski",2011,"Friendlies",6,0,1
"Jakub Blaszczykowski",2011,"Friendlies",2,3,
"Jakub Blaszczykowski",2011,"Friendlies",3,-2,-1
"Jakub Blaszczykowski",2010,"Friendlies",6,0,1
"Jakub Blaszczykowski",2010,"Friendlies",1,0,
"Jakub Blaszczykowski",2010,"Friendlies",2,-6,-1
"Jakub Blaszczykowski",2010,"WOC-Q",5,10,1
"Jakub Blaszczykowski",2010,"WOC-Q",5,-5,-1
"Jakub Blaszczykowski",2009,"Friendlies",2,1,1
"Jakub Blaszczykowski",2008,"EUC-Q",6,2,1
"Jakub Blaszczykowski",2008,"EUC-Q",5,3,-1
"Jakub Blaszczykowski",2008,"Friendlies",2,0,-1
"Jakub Blaszczykowski",2007,"Friendlies",1,0,-1
"Jakub Blaszczykowski",2007,"Friendlies",1,-1,-1
"Jaroslav Plasil",2016,"EUC-Q",2,1,1
"Jaroslav Plasil",2016,"EUC-Q",3,1,-1
"Jaroslav Plasil",2016,"Friendlies",1,6,1
"Jaroslav Plasil",2016,"Friendlies",1,0,
"Jaroslav Plasil",2015,"Friendlies",1,3,1
"Jaroslav Plasil",2015,"Friendlies",1,-3,-1
"Jaroslav Plasil",2014,"WOC-Q",5,-2,1
"Jaroslav Plasil",2014,"WOC-Q",5,6,-1
"Jaroslav Plasil",2013,"Friendlies",1,2,-1
"Jaroslav Plasil",2012,"EUC-Q",4,4,1
"Jaroslav Plasil",2012,"EUC-Q",5,5,-1
"Jaroslav Plasil",2012,"Friendlies",3,1,1
"Jaroslav Plasil",2012,"Friendlies",1,0,-1
"Jaroslav Plasil",2011,"Friendlies",1,4,1
"Jaroslav Plasil",2011,"Friendlies",2,-5,-1
"Jaroslav Plasil",2010,"Friendlies",1,3,1
"Jaroslav Plasil",2010,"Friendlies",1,-1,
"Jaroslav Plasil",2010,"Friendlies",3,1,-1
"Jaroslav Plasil",2010,"WOC-Q",5,9,1
"Jaroslav Plasil",2010,"WOC-Q",4,-1,-1
"Jaroslav Plasil",2009,"Friendlies",1,2,1
"Jaroslav Plasil",2009,"Friendlies",1,0,-1
"Jaroslav Plasil",2008,"EUC-Q",6,11,1
"Jaroslav Plasil",2008,"EUC-Q",6,11,-1
"Jaroslav Plasil",2008,"Friendlies",2,4,1
"Jaroslav Plasil",2008,"Friendlies",1,-2,
"Jaroslav Plasil",2008,"Friendlies",2,0,-1
"Jaroslav Plasil",2007,"Friendlies",1,2,-1
"Jaroslav Plasil",2006,"Friendlies",2,4,1
"Jaroslav Plasil",2006,"Friendlies",1,2,
"Jaroslav Plasil",2006,"Friendlies",1,0,-1
"Jaroslav Plasil",2006,"WOC-Q",4,14,1
"Jaroslav Plasil",2006,"WOC-Q",1,4,-1
"Jaroslav Plasil",2005,"Friendlies",1,3,-1
"Jaroslav Plasil",2004,"Friendlies",2,4,1
"Jaroslav Plasil",2004,"Friendlies",1,-1,-1
"Joao Moutinho",2016,"EUC-Q",4,4,-1
"Joao Moutinho",2016,"EUC-Q",6,2,1
"Joao Moutinho",2015,"Friendlies",1,1,
"Joao Moutinho",2014,"Friendlies",1,-1,-1
"Joao Moutinho",2014,"Friendlies",1,4,1
"Joao Moutinho",2014,"Friendlies",3,6,
"Joao Moutinho",2014,"WOC-Q",6,5,-1
"Joao Moutinho",2014,"WOC-Q",6,8,1
"Joao Moutinho",2013,"Friendlies",2,-1,-1
"Joao Moutinho",2013,"Friendlies",1,-1,1
"Joao Moutinho",2012,"EUC-Q",6,4,-1
"Joao Moutinho",2012,"EUC-Q",6,9,1
"Joao Moutinho",2012,"Friendlies",3,0,1
"Joao Moutinho",2012,"Friendlies",1,0,
"Joao Moutinho",2012,"Friendlies",1,0,
"Joao Moutinho",2011,"Friendlies",3,7,1
"Joao Moutinho",2011,"Friendlies",1,1,
"Joao Moutinho",2010,"Friendlies",2,6,1
"Joao Moutinho",2010,"WOC-Q",2,4,-1
"Joao Moutinho",2010,"WOC-Q",3,3,1
"Joao Moutinho",2009,"Friendlies",1,3,-1
"Joao Moutinho",2009,"Friendlies",1,2,1
"Joao Moutinho",2008,"EUC-Q",3,1,-1
"Joao Moutinho",2008,"EUC-Q",3,4,1
"Joao Moutinho",2008,"Friendlies",1,-4,-1
"Joao Moutinho",2008,"Friendlies",1,2,1
"Joao Moutinho",2008,"Friendlies",1,-1,
"Joao Moutinho",2007,"Friendlies",1,-1,-1
"Joao Moutinho",2007,"Friendlies",1,2,1
"Joao Moutinho",2007,"Friendlies",1,2,
"Joao Moutinho",2006,"WOC-Q",1,0,-1
"Joao Moutinho",2006,"WOC-Q",1,6,1
"Kim Kallstrom",2016,"EUC-Q",6,4,1
"Kim Kallstrom",2016,"EUC-Q",5,4,-1
"Kim Kallstrom",2016,"Friendlies",1,0,1
"Kim Kallstrom",2016,"Friendlies",1,-1,-1
"Kim Kallstrom",2015,"Friendlies",1,2,1
"Kim Kallstrom",2015,"Friendlies",1,0,-1
"Kim Kallstrom",2014,"Friendlies",2,0,1
"Kim Kallstrom",2014,"Friendlies",2,-2,-1
"Kim Kallstrom",2014,"WOC-Q",5,0,1
"Kim Kallstrom",2014,"WOC-Q",5,0,-1
"Kim Kallstrom",2013,"Friendlies",1,1,1
"Kim Kallstrom",2013,"Friendlies",1,-1,-1
"Kim Kallstrom",2012,"EUC-Q",5,13,1
"Kim Kallstrom",2012,"EUC-Q",5,5,-1
"Kim Kallstrom",2012,"Friendlies",3,4,1
"Kim Kallstrom",2012,"Friendlies",1,2,-1
"Kim Kallstrom",2011,"Friendlies",1,0,
"Kim Kallstrom",2011,"Friendlies",3,-2,-1
"Kim Kallstrom",2010,"Friendlies",3,5,1
"Kim Kallstrom",2010,"Friendlies",1,1,-1
"Kim Kallstrom",2010,"WOC-Q",5,7,1
"Kim Kallstrom",2010,"WOC-Q",5,1,-1
"Kim Kallstrom",2009,"Friendlies",1,1,1
"Kim Kallstrom",2009,"Friendlies",1,2,-1
"Kim Kallstrom",2008,"EUC-Q",5,5,1
"Kim Kallstrom",2008,"EUC-Q",5,1,-1
"Kim Kallstrom",2008,"Friendlies",2,-2,1
"Kim Kallstrom",2008,"Friendlies",1,-1,
"Kim Kallstrom",2008,"Friendlies",2,-2,-1
"Kim Kallstrom",2007,"Friendlies",1,1,1
"Kim Kallstrom",2007,"Friendlies",2,-1,-1
"Kim Kallstrom",2006,"Friendlies",2,0,1
"Kim Kallstrom",2006,"Friendlies",2,-6,-1
"Kim Kallstrom",2006,"WOC-Q",4,14,1
"Kim Kallstrom",2006,"WOC-Q",1,-1,-1
"Kim Kallstrom",2005,"Friendlies",2,0,1
"Kim Kallstrom",2005,"Friendlies",1,0,-1
"Kim Kallstrom",2004,"EUC-Q",3,4,1
"Kim Kallstrom",2004,"EUC-Q",3,7,-1
"Kim Kallstrom",2004,"Friendlies",2,3,1
"Kim Kallstrom",2004,"Friendlies",3,2,-1
"Kim Kallstrom",2003,"Friendlies",2,-2,1
"Kim Kallstrom",2003,"Friendlies",1,-1,-1
"Kim Kallstrom",2002,"Friendlies",1,-1,1
"Kim Kallstrom",2002,"Friendlies",2,0,-1
"Kim Kallstrom",2001,"Friendlies",1,0,
"Kim Kallstrom",2001,"Friendlies",1,-1,-1
"Klaas-Jan Huntelaar",2016,"EUC-Q",1,2,1
"Klaas-Jan Huntelaar",2016,"EUC-Q",1,-2,-1
"Klaas-Jan Huntelaar",2014,"Friendlies",1,2,1
"Konstantinos Fortounis",2016,"EUC-Q",2,0,1
"Konstantinos Fortounis",2016,"EUC-Q",2,0,-1
"Konstantinos Fortounis",2016,"Friendlies",1,1,1
"Konstantinos Fortounis",2015,"Friendlies",1,0,-1
"Konstantinos Fortounis",2014,"WOC-Q",1,0,1
"Konstantinos Fortounis",2013,"Friendlies",1,0,1
"Konstantinos Fortounis",2013,"Friendlies",1,2,-1
"Konstantinos Fortounis",2012,"Friendlies",1,0,1
"Konstantinos Fortounis",2012,"Friendlies",1,0,
"Konstantinos Fortounis",2012,"Friendlies",2,2,-1
"Konstantinos Mitroglou",2014,"WOC-Q",3,4,1
"Konstantinos Mitroglou",2014,"WOC-Q",1,1,-1
"Lars Jacobsen",2014,"WOC-Q",1,1,-1
"Luciano Narsingh",2016,"EUC-Q",2,-1,1
"Luciano Narsingh",2016,"EUC-Q",1,2,-1
"Luciano Narsingh",2015,"Friendlies",1,-1,1
"Luciano Narsingh",2014,"WOC-Q",1,2,1
"Luciano Narsingh",2012,"Friendlies",1,6,1
"Luka Modric",2016,"EUC-Q",4,-1,-1
"Luka Modric",2016,"EUC-Q",4,15,1
"Luka Modric",2016,"Friendlies",1,0,-1
"Luka Modric",2016,"Friendlies",1,2,1
"Luka Modric",2015,"Friendlies",1,0,-1
"Luka Modric",2015,"Friendlies",2,3,1
"Luka Modric",2015,"Friendlies",1,2,1
"Luka Modric",2015,"Friendlies",1,1,
"Luka Modric",2014,"WOC-Q",6,0,-1
"Luka Modric",2014,"WOC-Q",5,6,1
"Luka Modric",2013,"Friendlies",1,1,-1
"Luka Modric",2013,"Friendlies",2,3,
"Luka Modric",2012,"EUC-Q",4,1,-1
"Luka Modric",2012,"EUC-Q",6,8,1
"Luka Modric",2012,"Friendlies",2,-4,1
"Luka Modric",2011,"Friendlies",2,0,-1
"Luka Modric",2010,"Friendlies",2,2,-1
"Luka Modric",2010,"Friendlies",2,3,1
"Luka Modric",2010,"WOC-Q",0,2,-1
"Luka Modric",2010,"WOC-Q",4,4,1
"Luka Modric",2009,"Friendlies",1,1,-1
"Luka Modric",2008,"EUC-Q",6,7,-1
"Luka Modric",2008,"EUC-Q",6,13,1
"Luka Modric",2008,"Friendlies",2,0,-1
"Luka Modric",2008,"Friendlies",2,-2,1
"Luka Modric",2007,"Friendlies",2,4,1
"Luka Modric",2006,"Friendlies",2,5,-1
"Luka Modric",2006,"Friendlies",1,0,1
"Luka Modric",2006,"Friendlies",1,-1,
"Lukas Podolski",2016,"Friendlies",2,1,1
"Lukas Podolski",2016,"EUC-Q",3,5,1
"Lukas Podolski",2016,"EUC-Q",2,5,-1
"Lukas Podolski",2015,"Friendlies",1,-1,1
"Lukas Podolski",2014,"Friendlies",4,4,1
"Lukas Podolski",2014,"WOC-Q",1,0,1
"Lukas Podolski",2014,"WOC-Q",2,8,-1
"Lukas Podolski",2013,"Friendlies",1,0,1
"Lukas Podolski",2013,"Friendlies",3,3,-1
"Luuk de Jong",2016,"Friendlies",1,0,-1
"Marcin Wasilewski",2013,"Friendlies",1,-2,-1
"Mark van Bommel",2012,"EUC-Q",4,7,-1
"Mark van Bommel",2012,"EUC-Q",4,16,1
"Mark van Bommel",2012,"Friendlies",2,2,-1
"Mark van Bommel",2012,"Friendlies",3,7,1
"Mark van Bommel",2011,"Friendlies",2,-4,-1
"Mark van Bommel",2010,"Friendlies",3,9,1
"Mark van Bommel",2010,"WOC-Q",3,3,-1
"Mark van Bommel",2010,"WOC-Q",4,11,1
"Mark van Bommel",2009,"Friendlies",2,0,-1
"Mark van Bommel",2009,"Friendlies",1,0,1
"Mark van Bommel",2008,"Friendlies",1,0,-1
"Mark van Bommel",2008,"Friendlies",2,1,1
"Mark van Bommel",2006,"Friendlies",3,2,1
"Mark van Bommel",2005,"Friendlies",1,0,-1
"Mark van Bommel",2004,"EUC-Q",3,4,-1
"Mark van Bommel",2004,"EUC-Q",3,5,1
"Mark van Bommel",2004,"Friendlies",1,0,-1
"Mark van Bommel",2004,"Friendlies",4,8,1
"Mark van Bommel",2003,"Friendlies",1,0,-1
"Mark van Bommel",2003,"Friendlies",1,1,1
"Mark van Bommel",2002,"Friendlies",1,1,-1
"Mark van Bommel",2002,"Friendlies",2,1,1
"Mark van Bommel",2002,"WOC-Q",3,3,-1
"Mark van Bommel",2002,"WOC-Q",3,7,1
"Mark van Bommel",2002,"WOC-Q",1,5,
"Mark van Bommel",2001,"Friendlies",1,1,-1
"Michael Krohn-Dehli",2016,"EUC-Q",5,2,1
"Michael Krohn-Dehli",2016,"EUC-Q",4,1,-1
"Michael Krohn-Dehli",2015,"Friendlies",3,1,1
"Michael Krohn-Dehli",2015,"Friendlies",1,-2,-1
"Michael Krohn-Dehli",2014,"Friendlies",1,1,1
"Michael Krohn-Dehli",2014,"Friendlies",2,-1,-1
"Michael Krohn-Dehli",2014,"WOC-Q",3,0,1
"Michael Krohn-Dehli",2014,"WOC-Q",3,1,-1
"Michael Krohn-Dehli",2013,"Friendlies",2,2,1
"Michael Krohn-Dehli",2013,"Friendlies",1,-3,-1
"Michael Krohn-Dehli",2012,"EUC-Q",4,6,1
"Michael Krohn-Dehli",2012,"EUC-Q",3,5,-1
"Michael Krohn-Dehli",2012,"Friendlies",3,-6,1
"Michael Krohn-Dehli",2012,"Friendlies",1,0,-1
"Michael Krohn-Dehli",2011,"Friendlies",3,2,1
"Michael Krohn-Dehli",2011,"Friendlies",2,0,-1
"Michael Krohn-Dehli",2010,"Friendlies",2,2,1
"Michael Krohn-Dehli",2010,"Friendlies",1,6,
"Michael Krohn-Dehli",2010,"Friendlies",2,2,-1
"Michael Krohn-Dehli",2010,"WOC-Q",1,3,1
"Michael Krohn-Dehli",2008,"Friendlies",1,-1,1
"Miguel Veloso",2016,"EUC-Q",2,1,-1
"Miguel Veloso",2016,"EUC-Q",1,0,1
"Miguel Veloso",2015,"Friendlies",1,-1,1
"Miguel Veloso",2014,"Friendlies",2,4,1
"Miguel Veloso",2014,"Friendlies",2,5,
"Miguel Veloso",2014,"WOC-Q",6,5,-1
"Miguel Veloso",2014,"WOC-Q",6,8,1
"Miguel Veloso",2013,"Friendlies",2,-1,1
"Miguel Veloso",2013,"Friendlies",1,-2,
"Miguel Veloso",2012,"EUC-Q",3,2,-1
"Miguel Veloso",2012,"EUC-Q",3,6,1
"Miguel Veloso",2012,"Friendlies",1,0,-1
"Miguel Veloso",2012,"Friendlies",3,0,1
"Miguel Veloso",2011,"Friendlies",1,-1,
"Miguel Veloso",2010,"Friendlies",2,3,1
"Miguel Veloso",2010,"WOC-Q",1,1,-1
"Miguel Veloso",2010,"WOC-Q",2,7,1
"Miguel Veloso",2008,"EUC-Q",2,3,-1
"Miguel Veloso",2008,"EUC-Q",2,1,1
"Miguel Veloso",2008,"Friendlies",1,2,1
"Miguel Veloso",2008,"Friendlies",1,-1,
"Nicklas Pedersen",2014,"WOC-Q",1,-4,1
"Nicklas Pedersen",2013,"Friendlies",1,1,1
"Nicklas Pedersen",2013,"Friendlies",1,-3,-1
"Nigel de Jong",2016,"EUC-Q",2,2,1
"Nigel de Jong",2016,"EUC-Q",2,-3,-1
"Nigel de Jong",2014,"Friendlies",2,3,1
"Nigel de Jong",2014,"Friendlies",1,-2,-1
"Nigel de Jong",2014,"WOC-Q",2,11,1
"Nigel de Jong",2014,"WOC-Q",1,3,-1
"Nigel de Jong",2013,"Friendlies",1,0,1
"Nigel de Jong",2012,"EUC-Q",2,3,1
"Nigel de Jong",2012,"EUC-Q",2,9,-1
"Nigel de Jong",2012,"Friendlies",4,7,1
"Nigel de Jong",2012,"Friendlies",2,-1,-1
"Nigel de Jong",2011,"Friendlies",1,0,1
"Nigel de Jong",2011,"Friendlies",3,-3,-1
"Nigel de Jong",2010,"Friendlies",3,9,1
"Nigel de Jong",2010,"WOC-Q",3,9,1
"Nigel de Jong",2010,"WOC-Q",3,3,-1
"Nigel de Jong",2009,"Friendlies",3,3,1
"Nigel de Jong",2009,"Friendlies",1,0,-1
"Nigel de Jong",2008,"EUC-Q",3,7,1
"Nigel de Jong",2008,"EUC-Q",2,-1,-1
"Nigel de Jong",2008,"Friendlies",4,3,1
"Nigel de Jong",2008,"Friendlies",2,2,-1
"Nigel de Jong",2007,"Friendlies",1,3,1
"Nigel de Jong",2007,"Friendlies",2,4,-1
"Nigel de Jong",2006,"Friendlies",1,4,-1
"Nigel de Jong",2006,"WOC-Q",4,6,1
"Nigel de Jong",2006,"WOC-Q",3,6,-1
"Nigel de Jong",2005,"Friendlies",1,-2,1
"Nigel de Jong",2004,"Friendlies",2,0,-1
"Niko Kranjcar",2014,"WOC-Q",1,-2,-1
"Niko Kranjcar",2014,"WOC-Q",5,3,1
"Niko Kranjcar",2013,"Friendlies",1,4,
"Niko Kranjcar",2012,"EUC-Q",4,1,-1
"Niko Kranjcar",2012,"EUC-Q",4,7,1
"Niko Kranjcar",2012,"Friendlies",1,0,-1
"Niko Kranjcar",2012,"Friendlies",3,-2,1
"Niko Kranjcar",2011,"Friendlies",1,0,-1
"Niko Kranjcar",2011,"Friendlies",1,2,1
"Niko Kranjcar",2011,"Friendlies",1,0,
"Niko Kranjcar",2010,"Friendlies",2,1,-1
"Niko Kranjcar",2010,"Friendlies",1,1,1
"Niko Kranjcar",2010,"WOC-Q",3,1,-1
"Niko Kranjcar",2010,"WOC-Q",1,1,1
"Niko Kranjcar",2009,"Friendlies",1,1,-1
"Niko Kranjcar",2009,"Friendlies",2,6,1
"Niko Kranjcar",2008,"EUC-Q",6,7,-1
"Niko Kranjcar",2008,"EUC-Q",6,13,1
"Niko Kranjcar",2008,"Friendlies",3,1,-1
"Niko Kranjcar",2008,"Friendlies",1,-3,1
"Niko Kranjcar",2007,"Friendlies",1,1,1
"Niko Kranjcar",2006,"Friendlies",3,9,-1
"Niko Kranjcar",2006,"Friendlies",1,0,1
"Niko Kranjcar",2006,"Friendlies",4,-3,
"Niko Kranjcar",2006,"WOC-Q",4,5,-1
"Niko Kranjcar",2006,"WOC-Q",5,11,1
"Niko Kranjcar",2005,"Friendlies",1,0,-1
"Niko Kranjcar",2005,"Friendlies",1,0,1
"Niko Kranjcar",2004,"Friendlies",1,-1,-1
"Niko Kranjcar",2004,"Friendlies",1,1,1
"Rafael van der Vaart",2014,"WOC-Q",2,6,-1
"Rafael van der Vaart",2014,"WOC-Q",4,17,1
"Rafael van der Vaart",2013,"Friendlies",1,0,-1
"Rafael van der Vaart",2013,"Friendlies",3,0,1
"Rafael van der Vaart",2012,"EUC-Q",4,9,-1
"Rafael van der Vaart",2012,"EUC-Q",4,7,1
"Rafael van der Vaart",2012,"Friendlies",1,-2,-1
"Rafael van der Vaart",2012,"Friendlies",3,8,1
"Rafael van der Vaart",2011,"Friendlies",1,0,1
"Rafael van der Vaart",2010,"Friendlies",5,11,1
"Rafael van der Vaart",2010,"WOC-Q",3,4,-1
"Rafael van der Vaart",2010,"WOC-Q",3,8,1
"Rafael van der Vaart",2009,"Friendlies",3,0,-1
"Rafael van der Vaart",2009,"Friendlies",3,3,1
"Rafael van der Vaart",2008,"EUC-Q",3,1,-1
"Rafael van der Vaart",2008,"EUC-Q",3,3,1
"Rafael van der Vaart",2008,"Friendlies",3,4,-1
"Rafael van der Vaart",2008,"Friendlies",5,6,1
"Rafael van der Vaart",2007,"Friendlies",3,3,-1
"Rafael van der Vaart",2007,"Friendlies",1,3,1
"Rafael van der Vaart",2006,"Friendlies",1,4,-1
"Rafael van der Vaart",2006,"Friendlies",1,0,1
"Rafael van der Vaart",2006,"WOC-Q",4,5,-1
"Rafael van der Vaart",2006,"WOC-Q",6,12,1
"Rafael van der Vaart",2005,"Friendlies",1,0,-1
"Rafael van der Vaart",2005,"Friendlies",2,-2,1
"Rafael van der Vaart",2004,"EUC-Q",4,0,-1
"Rafael van der Vaart",2004,"EUC-Q",5,16,1
"Rafael van der Vaart",2004,"Friendlies",1,0,-1
"Rafael van der Vaart",2004,"Friendlies",5,10,1
"Rafael van der Vaart",2003,"Friendlies",1,0,-1
"Rafael van der Vaart",2003,"Friendlies",1,0,1
"Rafael van der Vaart",2002,"Friendlies",1,2,-1
"Rafael van der Vaart",2002,"WOC-Q",1,4,1
"Raul Meireles",2014,"Friendlies",1,4,1
"Raul Meireles",2014,"Friendlies",1,4,
"Raul Meireles",2014,"WOC-Q",5,6,-1
"Raul Meireles",2014,"WOC-Q",3,5,1
"Raul Meireles",2013,"Friendlies",1,-2,-1
"Raul Meireles",2013,"Friendlies",1,-1,1
"Raul Meireles",2012,"EUC-Q",5,3,-1
"Raul Meireles",2012,"EUC-Q",5,9,1
"Raul Meireles",2012,"Friendlies",1,0,-1
"Raul Meireles",2012,"Friendlies",3,0,1
"Raul Meireles",2011,"Friendlies",3,7,1
"Raul Meireles",2011,"Friendlies",1,-1,
"Raul Meireles",2010,"Friendlies",4,8,1
"Raul Meireles",2010,"Friendlies",1,3,
"Raul Meireles",2010,"WOC-Q",6,7,-1
"Raul Meireles",2010,"WOC-Q",6,7,1
"Raul Meireles",2009,"Friendlies",2,3,-1
"Raul Meireles",2009,"Friendlies",2,3,1
"Raul Meireles",2008,"EUC-Q",2,3,-1
"Raul Meireles",2008,"EUC-Q",2,0,1
"Raul Meireles",2008,"Friendlies",1,-4,-1
"Raul Meireles",2008,"Friendlies",3,6,1
"Raul Meireles",2008,"Friendlies",1,-2,
"Raul Meireles",2007,"Friendlies",1,0,-1
"Robin van Persie",2016,"EUC-Q",1,-2,-1
"Robin van Persie",2015,"Friendlies",1,-1,1
"Robin van Persie",2014,"WOC-Q",1,3,1
"Ruben Micael",2014,"WOC-Q",3,1,-1
"Ruben Micael",2014,"WOC-Q",2,0,1
"Ruben Micael",2013,"Friendlies",1,1,-1
"Ruben Micael",2013,"Friendlies",1,0,1
"Ruben Micael",2012,"EUC-Q",2,4,-1
"Ruben Micael",2012,"EUC-Q",3,7,1
"Ruben Micael",2012,"Friendlies",1,0,-1
"Ruben Micael",2012,"Friendlies",2,2,1
"Ruben Micael",2011,"Friendlies",2,7,1
"Ruslan Rotan",2016,"EUC-Q",2,2,-1
"Ruslan Rotan",2016,"EUC-Q",3,4,1
"Ruslan Rotan",2016,"Friendlies",2,2,1
"Ruslan Rotan",2015,"Friendlies",1,1,-1
"Ruslan Rotan",2014,"Friendlies",1,0,1
"Ruslan Rotan",2014,"Friendlies",1,2,
"Ruslan Rotan",2014,"WOC-Q",6,11,-1
"Ruslan Rotan",2014,"WOC-Q",3,2,1
"Ruslan Rotan",2013,"Friendlies",2,2,1
"Ruslan Rotan",2013,"Friendlies",1,2,
"Ruslan Rotan",2012,"Friendlies",3,1,-1
"Ruslan Rotan",2012,"Friendlies",1,0,1
"Ruslan Rotan",2012,"Friendlies",1,-2,
"Ruslan Rotan",2011,"Friendlies",1,2,-1
"Ruslan Rotan",2011,"Friendlies",6,0,1
"Ruslan Rotan",2011,"Friendlies",2,0,
"Ruslan Rotan",2010,"Friendlies",4,5,1
"Ruslan Rotan",2010,"Friendlies",1,-2,
"Ruslan Rotan",2010,"Friendlies",1,1,
"Ruslan Rotan",2010,"WOC-Q",2,0,-1
"Ruslan Rotan",2010,"WOC-Q",3,-1,1
"Ruslan Rotan",2009,"Friendlies",1,1,1
"Ruslan Rotan",2009,"Friendlies",2,2,
"Ruslan Rotan",2008,"EUC-Q",4,-6,-1
"Ruslan Rotan",2008,"EUC-Q",2,1,1
"Ruslan Rotan",2008,"Friendlies",1,0,-1
"Ruslan Rotan",2007,"Friendlies",1,0,-1
"Ruslan Rotan",2007,"Friendlies",2,7,1
"Ruslan Rotan",2006,"Friendlies",2,3,-1
"Ruslan Rotan",2006,"Friendlies",2,10,1
"Ruslan Rotan",2006,"Friendlies",2,3,
"Ruslan Rotan",2006,"WOC-Q",4,4,-1
"Ruslan Rotan",2006,"WOC-Q",3,1,1
"Ruslan Rotan",2005,"Friendlies",2,1,1
"Ruslan Rotan",2004,"Friendlies",3,-5,-1
"Ruslan Rotan",2004,"Friendlies",1,0,1
"Ruslan Rotan",2003,"Friendlies",1,0,-1
"Ruslan Rotan",2003,"Friendlies",1,0,1
"Steven Gerrard",2014,"Friendlies",2,3,1
"Steven Gerrard",2014,"Friendlies",1,1,-1
"Steven Gerrard",2014,"WOC-Q",4,9,1
"Steven Gerrard",2014,"WOC-Q",5,13,-1
"Steven Gerrard",2013,"Friendlies",3,1,1
"Steven Gerrard",2012,"EUC-Q",2,4,1
"Steven Gerrard",2012,"EUC-Q",1,2,-1
"Steven Gerrard",2012,"Friendlies",2,0,1
"Steven Gerrard",2012,"Friendlies",2,-1,-1
"Steven Gerrard",2011,"Friendlies",1,1,
"Steven Gerrard",2011,"Friendlies",3,5,1
"Steven Gerrard",2010,"Friendlies",4,4,1
"Steven Gerrard",2010,"Friendlies",1,1,
"Steven Gerrard",2010,"WOC-Q",4,15,1
"Steven Gerrard",2010,"WOC-Q",3,5,-1
"Steven Gerrard",2009,"Friendlies",2,5,1
"Steven Gerrard",2008,"EUC-Q",5,10,1
"Steven Gerrard",2008,"EUC-Q",5,6,-1
"Steven Gerrard",2008,"EUC-Q",1,3,
"Steven Gerrard",2008,"Friendlies",2,2,-1
"Steven Gerrard",2007,"Friendlies",2,-1,1
"Steven Gerrard",2007,"Friendlies",1,1,-1
"Steven Gerrard",2006,"Friendlies",3,9,1
"Steven Gerrard",2006,"WOC-Q",3,7,1
"Steven Gerrard",2006,"WOC-Q",4,1,-1
"Steven Gerrard",2005,"Friendlies",1,0,1
"Steven Gerrard",2005,"Friendlies",1,1,
"Steven Gerrard",2005,"Friendlies",1,-3,-1
"Steven Gerrard",2004,"EUC-Q",4,5,1
"Steven Gerrard",2004,"EUC-Q",3,3,-1
"Steven Gerrard",2004,"Friendlies",3,8,1
"Steven Gerrard",2004,"Friendlies",1,-1,-1
"Steven Gerrard",2003,"Friendlies",2,3,1
"Steven Gerrard",2003,"Friendlies",1,1,-1
"Steven Gerrard",2002,"Friendlies",2,4,1
"Steven Gerrard",2002,"Friendlies",1,0,-1
"Steven Gerrard",2002,"WOC-Q",3,3,1
"Steven Gerrard",2002,"WOC-Q",2,6,-1
"Steven Gerrard",2001,"Friendlies",1,4,1
"Steven Gerrard",2000,"Friendlies",1,2,1
"Theofanis Gekas",2014,"WOC-Q",1,2,1
"Theofanis Gekas",2014,"WOC-Q",1,1,-1
"Thomas Muller",2016,"Friendlies",3,4,1
"Thomas Muller",2016,"EUC-Q",3,4,1
"Thomas Muller",2016,"EUC-Q",3,2,-1
"Thomas Muller",2014,"Friendlies",2,-2,1
"Thomas Muller",2014,"WOC-Q",5,12,1
"Thomas Muller",2014,"WOC-Q",4,11,-1
"Thomas Muller",2013,"Friendlies",1,0,1
"Thomas Muller",2013,"Friendlies",2,1,-1
"Tomas Rosicky",2016,"EUC-Q",2,1,1
"Tomas Rosicky",2016,"EUC-Q",2,0,-1
"Tomas Rosicky",2016,"Friendlies",2,7,
"Tomas Rosicky",2014,"Friendlies",2,-1,1
"Tomas Rosicky",2014,"WOC-Q",3,-4,1
"Tomas Rosicky",2014,"WOC-Q",2,2,-1
"Tomas Rosicky",2013,"Friendlies",1,2,-1
"Tomas Rosicky",2012,"EUC-Q",5,2,1
"Tomas Rosicky",2012,"EUC-Q",5,0,-1
"Tomas Rosicky",2011,"Friendlies",2,7,-1
"Tomas Rosicky",2010,"Friendlies",1,3,1
"Tomas Rosicky",2010,"Friendlies",2,-1,-1
"Tomas Rosicky",2010,"WOC-Q",3,9,1
"Tomas Rosicky",2008,"EUC-Q",6,11,1
"Tomas Rosicky",2008,"EUC-Q",3,6,-1
"Tomas Rosicky",2007,"Friendlies",1,2,-1
"Tomas Rosicky",2006,"Friendlies",1,2,
"Tomas Rosicky",2006,"Friendlies",1,0,-1
"Tomas Rosicky",2006,"WOC-Q",6,14,1
"Tomas Rosicky",2006,"WOC-Q",6,11,-1
"Tomas Rosicky",2004,"EUC-Q",4,13,1
"Tomas Rosicky",2004,"EUC-Q",3,4,-1
"Tomas Rosicky",2004,"Friendlies",4,3,1
"Tomas Rosicky",2004,"Friendlies",1,0,-1
"Tomas Rosicky",2003,"Friendlies",1,4,1
"Tomas Rosicky",2003,"Friendlies",1,-2,-1
"Tomas Rosicky",2002,"Friendlies",3,9,1
"Tomas Rosicky",2002,"Friendlies",1,0,-1
"Tomas Rosicky",2002,"WOC-Q",6,12,1
"Tomas Rosicky",2002,"WOC-Q",3,0,-1
"Tomas Rosicky",2001,"Friendlies",2,6,1
"Tomas Rosicky",2001,"Friendlies",1,0,-1
"Tomas Rosicky",2000,"Friendlies",2,5,1
"Tomas Rosicky",2000,"Friendlies",2,-2,-1
"Vaclav Pilar",2016,"EUC-Q",3,2,1
"Vaclav Pilar",2016,"EUC-Q",3,2,-1
"Vaclav Pilar",2015,"Friendlies",1,-1,-1
"Vaclav Pilar",2014,"Friendlies",1,-1,1
"Vaclav Pilar",2012,"EUC-Q",1,2,1
"Vaclav Pilar",2012,"EUC-Q",2,4,-1
"Vaclav Pilar",2012,"Friendlies",1,-1,1
"Vaclav Pilar",2012,"Friendlies",1,1,
"Vaclav Pilar",2012,"Friendlies",2,0,-1
"Vaclav Pilar",2011,"Friendlies",1,4,1
"Vaclav Pilar",2011,"KIC",1,0,
"Vaclav Pilar",2011,"KIC",1,0,-1
"Wesley Sneijder",2016,"EUC-Q",5,6,1
"Wesley Sneijder",2016,"EUC-Q",5,-3,-1
"Wesley Sneijder",2016,"Friendlies",1,-1,1
"Wesley Sneijder",2015,"Friendlies",2,0,1
"Wesley Sneijder",2015,"Friendlies",1,1,-1
"Wesley Sneijder",2014,"Friendlies",1,-1,1
"Wesley Sneijder",2014,"Friendlies",1,-2,-1
"Wesley Sneijder",2014,"WOC-Q",2,5,1
"Wesley Sneijder",2014,"WOC-Q",4,7,-1
"Wesley Sneijder",2013,"Friendlies",2,3,1
"Wesley Sneijder",2013,"Friendlies",1,-2,-1
"Wesley Sneijder",2012,"EUC-Q",4,17,1
"Wesley Sneijder",2012,"EUC-Q",4,12,-1
"Wesley Sneijder",2012,"Friendlies",2,5,-1
"Wesley Sneijder",2011,"Friendlies",2,2,1
"Wesley Sneijder",2011,"Friendlies",1,-3,-1
"Wesley Sneijder",2010,"Friendlies",3,9,1
"Wesley Sneijder",2010,"WOC-Q",3,9,1
"Wesley Sneijder",2010,"WOC-Q",2,2,-1
"Wesley Sneijder",2009,"Friendlies",3,5,1
"Wesley Sneijder",2009,"Friendlies",2,0,-1
"Wesley Sneijder",2008,"EUC-Q",6,8,1
"Wesley Sneijder",2008,"EUC-Q",4,1,-1
"Wesley Sneijder",2008,"Friendlies",3,4,1
"Wesley Sneijder",2008,"Friendlies",2,4,-1
"Wesley Sneijder",2007,"Friendlies",1,3,1
"Wesley Sneijder",2007,"Friendlies",3,-1,-1
"Wesley Sneijder",2006,"Friendlies",3,1,1
"Wesley Sneijder",2006,"WOC-Q",4,8,1
"Wesley Sneijder",2006,"WOC-Q",3,4,-1
"Wesley Sneijder",2004,"EUC-Q",2,11,1
"Yuri Zhirkov",2016,"EUC-Q",1,-1,1
"Yuri Zhirkov",2014,"Friendlies",2,4,1
"Yuri Zhirkov",2014,"WOC-Q",1,4,-1
"Yuri Zhirkov",2014,"WOC-Q",1,-1,-1
"Yuri Zhirkov",2012,"EUC-Q",4,2,1
"Yuri Zhirkov",2012,"EUC-Q",4,3,-1
"Yuri Zhirkov",2012,"Friendlies",1,0,1
"Yuri Zhirkov",2012,"Friendlies",2,3,
"Yuri Zhirkov",2012,"Friendlies",1,2,-1
"Yuri Zhirkov",2011,"Friendlies",1,1,1
"Yuri Zhirkov",2011,"Friendlies",1,0,
"Yuri Zhirkov",2011,"Friendlies",2,0,-1
"Yuri Zhirkov",2010,"Friendlies",2,-1,1
"Yuri Zhirkov",2010,"WOC-Q",5,6,1
"Yuri Zhirkov",2010,"WOC-Q",4,2,-1
"Yuri Zhirkov",2008,"EUC-Q",4,8,1
"Yuri Zhirkov",2008,"EUC-Q",6,1,-1
"Yuri Zhirkov",2008,"Friendlies",2,8,1
"Yuri Zhirkov",2008,"Friendlies",1,1,
"Yuri Zhirkov",2008,"Friendlies",1,-3,-1
"Yuri Zhirkov",2007,"Friendlies",1,0,1
"Yuri Zhirkov",2007,"Friendlies",1,-3,-1
"Yuri Zhirkov",2006,"Friendlies",1,-1,1
"Yuri Zhirkov",2006,"WOC-Q",1,2,1
"Yuri Zhirkov",2006,"WOC-Q",1,0,-1
"Yuri Zhirkov",2005,"Friendlies",2,-2,-1
"Philipp Lahm",2014,"Friendlies",2,6,1
